Option Values,Option Name
allegromicro.com,allegromicro.com
altera-technologies.com,altera-technologies.com
anadigics.com,anadigics.com
analog.com,analog.com
artimar.com.br,artimar.com.br
atmel.com,atmel.com
avagotech.com,avagotech.com
bcdsemi.com,bcdsemi.com
bosch-semiconductors.de,bosch-semiconductors.de
cirrus.com,cirrus.com
diodes.com,diodes.com
earleassociates.com,earleassociates.com
earleaz.com,earleaz.com
fairchildsemi.com,fairchildsemi.com
freescale.com,freescale.com
home.agilent.com,home.agilent.com
idt.com,idt.com
interep.net,interep.net
intersil.com,intersil.com
issi.com,issi.com
jebcomail.com,jebcomail.com
kdk-group.co.jp,kdk-group.co.jp
kyocera.de,kyocera.de
liteonsemi.com,liteonsemi.com
marathontech.com,marathontech.com
marvell.com,marvell.com
maximintegrated.com,maximintegrated.com
micrel.com,micrel.com
microchip.com,microchip.com
micron.com,micron.com
micronas.com,micronas.com
microsemi.com,microsemi.com
neutronics.ca,neutronics.ca
nexperia.com,nexperia.com
nxp.com,nxp.com
o2micro.com,o2micro.com
onsemi.com,onsemi.com
pericom.com,pericom.com
qimonda.com,qimonda.com
qssm.com,qssm.com
qssmexico.com,qssmexico.com
qualcomm.com,qualcomm.com
renesas.com,renesas.com
renesas.eu,renesas.eu
rfmd.com,rfmd.com
richtek.com,richtek.com
rohm.com,rohm.com
semikron.com,semikron.com
semtech.com,semtech.com
st.com,st.com
teqsales.com,teqsales.com
texas-instruments.de,texas-instruments.de
ti.com,ti.com
volterra.com,volterra.com
wolfspeed.com,wolfspeed.com
xilinx.com,xilinx.com
zilog.com,zilog.com
m2Stech.com,m2Stech.com
ut.com,ut.com
neutronics.com,neutronics.com
IMTsales.com,IMTsales.com
earleimts.com,earleimts.com
polymtl.ca,polymtl.ca
polymtlus.ca,polymtlus.ca
sheridancollege.ca,sheridancollege.ca
unesp.br,unesp.br
ontariotechu.net,ontariotechu.net
ufsc.br,ufsc.br
ac.in,ac.in
edu.in,edu.in
res.in,res.in
iis.u-tokyo.ac.jp,iis.u-tokyo.ac.jp
faculty.chiba-u.jp,faculty.chiba-u.jp
unesp.br,unesp.br
usach.cl,usach.cl
polymtlus.ca,polymtlus.ca
polymtl.ca,polymtl.ca
sheridancollege.ca,sheridancollege.ca
unesp.br,unesp.br
ontariotechu.net,ontariotechu.net
ufsc.br,ufsc.br
alumni.ubc.ca,alumni.ubc.ca
dac.unicamp.br,dac.unicamp.br
ufsm.br,ufsm.br
uqat.ca,uqat.ca
ens.etsmtl.ca,ens.etsmtl.ca
shaw.ca,shaw.ca
caas-usa.com,caas-usa.com
concordia.ca,concordia.ca
queensu.ca,queensu.ca
mun.ca,mun.ca
alu.ufc.br,alu.ufc.br
ualberta.ca,ualberta.ca
uwaterloo.ca,uwaterloo.ca
sansano.usm.cl,sansano.usm.cl
ufrgs.br,ufrgs.br
ubc.ca,ubc.ca
cetys.mx,cetys.mx
usp.br,usp.br
estudiantec.cr,estudiantec.cr
mail.utoronto.ca,mail.utoronto.ca
mcmaster.ca,mcmaster.ca
cmail.carleton.ca,cmail.carleton.ca
usherbrooke.ca,usherbrooke.ca
cmaisonneuve.qc.ca,cmaisonneuve.qc.ca
uwo.ca,uwo.ca
edu.unifor.br,edu.unifor.br
myumanitoba.ca,myumanitoba.ca
unir.br,unir.br
ufpa.br,ufpa.br
mail.utoronto.ca,mail.utoronto.ca
IDC.com,IDC.com
TechInsights.com,TechInsights.com
Wtwhmedia.com,Wtwhmedia.com
Aspencore.com,Aspencore.com
Globalspec.com,Globalspec.com
Smallplanetpr.com,Smallplanetpr.com
Burda.com,Burda.com
EVmarkit.com,EVmarkit.com
Informa.com,Informa.com
Opensysmedia.com,Opensysmedia.com
Semi-mags.com,Semi-mags.com
Convergedigest.com,Convergedigest.com
ApplianceHVACreport.com,ApplianceHVACreport.com
vfairs.com,vfairs.com
Breadboardmedia.com,Breadboardmedia.com
Circuitcellar.com,Circuitcellar.com
analogpwr.com,analogpwr.com
smallplanetpr.com,smallplanetpr.com
mcjournal.com,mcjournal.com
how2power.com,how2power.com
innomedia.com,innomedia.com
eetech.com,eetech.com
endeavorb2b.com,endeavorb2b.com
tum.de,tum.de
tvz.hr,tvz.hr
tu-dortmund.de,tu-dortmund.de
aston.ac.uk,aston.ac.uk
bht-berlin.de,bht-berlin.de
e.unavarra.es,e.unavarra.es
etit.tu-chemnitz.de,etit.tu-chemnitz.de
fe.uni-lj.si,fe.uni-lj.si
ferit.hr,ferit.hr
nottingham.ac.uk,nottingham.ac.uk
phd.uni-obuda.hu,phd.uni-obuda.hu
phd.unipd.it,phd.unipd.it
postgrad.manchester.ac.uk,postgrad.manchester.ac.uk
rptu.de,rptu.de
st.oth-regensburg.de,st.oth-regensburg.de
stud.unileoben.ac.at,stud.unileoben.ac.at
stud.uni-obuda.hu,stud.uni-obuda.hu
stud.uni-stuttgart.de,stud.uni-stuttgart.de
student.univaq.it,student.univaq.it
students.zcu.cz,students.zcu.cz
studio.unibo.it,studio.unibo.it
techfak.uni-bielefeld.de,techfak.uni-bielefeld.de
teleco.upv.es,teleco.upv.es
tu-berlin.de,tu-berlin.de
tu-dortmund.de,tu-dortmund.de
tue.nl,tue.nl
tum.de,tum.de
tuwien.ac.at,tuwien.ac.at
tvz.hr,tvz.hr
uni-bremen.de,uni-bremen.de
unime.it,unime.it
unina.it,unina.it
unitbv.ro,unitbv.ro
uni-wuppertal.de,uni-wuppertal.de
unizar.es,unizar.es